<?xml version="1.0" encoding="UTF-8"?>
<project-private xmlns="http://www.netbeans.org/ns/project-private/1">
    <editor-bookmarks xmlns="http://www.netbeans.org/ns/editor-bookmarks/2" lastBookmarkId="0"/>
    <open-files xmlns="http://www.netbeans.org/ns/projectui-open-files/2">
        <group>
            <file>file:/root/NetBeansProjects/trials/javaee8-security-Apps/jsf-security-javaee8/SecureJSFApp/src/java/config/ProjectConfig.java</file>
            <file>file:/root/NetBeansProjects/trials/javaee8-security-Apps/jsf-security-javaee8/SecureJSFApp/web/WEB-INF/glassfish-web.xml</file>
            <file>file:/root/NetBeansProjects/trials/javaee8-security-Apps/jsf-security-javaee8/SecureJSFApp/src/java/LoginBean.java</file>
            <file>file:/root/NetBeansProjects/trials/javaee8-security-Apps/jsf-security-javaee8/SecureJSFApp/web/WEB-INF/web.xml</file>
            <file>file:/root/NetBeansProjects/trials/javaee8-security-Apps/jsf-security-javaee8/SecureJSFApp/web/index.xhtml</file>
        </group>
    </open-files>
</project-private>
