<?xml version="1.0" encoding="UTF-8"?>
<project-private xmlns="http://www.netbeans.org/ns/project-private/1">
    <editor-bookmarks xmlns="http://www.netbeans.org/ns/editor-bookmarks/2" lastBookmarkId="0"/>
    <open-files xmlns="http://www.netbeans.org/ns/projectui-open-files/2">
        <group>
            <file>file:/home/shubham/NetBeansProjects/JavaDemos/JavaWebAndEnterpriseProjects/JWD/CrudRestEjbTest/CrudRestEjbTest-war/src/java/ManagedBean/DataLogic.java</file>
            <file>file:/home/shubham/NetBeansProjects/JavaDemos/JavaWebAndEnterpriseProjects/JWD/CrudRestEjbTest/CrudRestEjbTest-war/src/java/ManagedBean/Login.java</file>
            <file>file:/home/shubham/NetBeansProjects/JavaDemos/JavaWebAndEnterpriseProjects/JWD/CrudRestEjbTest/CrudRestEjbTest-war/src/java/servlet/ttp.java</file>
            <file>file:/home/shubham/NetBeansProjects/JavaDemos/JavaWebAndEnterpriseProjects/JWD/CrudRestEjbTest/CrudRestEjbTest-war/src/java/Rest/GenericResource.java</file>
            <file>file:/home/shubham/NetBeansProjects/JavaDemos/JavaWebAndEnterpriseProjects/JWD/CrudRestEjbTest/CrudRestEjbTest-war/src/java/Rest/ApplicationConfig.java</file>
            <file>file:/home/shubham/NetBeansProjects/JavaDemos/JavaWebAndEnterpriseProjects/JWD/CrudRestEjbTest/CrudRestEjbTest-war/src/java/client/restclient.java</file>
            <file>file:/home/shubham/NetBeansProjects/JavaDemos/JavaWebAndEnterpriseProjects/JWD/CrudRestEjbTest/CrudRestEjbTest-war/web/WEB-INF/web.xml</file>
            <file>file:/home/shubham/NetBeansProjects/JavaDemos/JavaWebAndEnterpriseProjects/JWD/CrudRestEjbTest/CrudRestEjbTest-war/src/java/ManagedBean/Department.java</file>
            <file>file:/home/shubham/NetBeansProjects/JavaDemos/JavaWebAndEnterpriseProjects/JWD/CrudRestEjbTest/CrudRestEjbTest-war/src/java/Filter/RestFilter.java</file>
            <file>file:/home/shubham/NetBeansProjects/JavaDemos/JavaWebAndEnterpriseProjects/JWD/CrudRestEjbTest/CrudRestEjbTest-war/src/java/servlet/ttp2.java</file>
        </group>
    </open-files>
</project-private>
