<?xml version="1.0" encoding="UTF-8"?>
<project-private xmlns="http://www.netbeans.org/ns/project-private/1">
    <editor-bookmarks xmlns="http://www.netbeans.org/ns/editor-bookmarks/2" lastBookmarkId="0"/>
    <open-files xmlns="http://www.netbeans.org/ns/projectui-open-files/2">
        <group>
            <file>file:/root/NetBeansProjects/trials/javaee8-security-Apps/javaee8jwtwithoutloginfilter/Javaee8SecurityApp/Javaee8SecurityApp-war/src/java/filter/RestFilter.java</file>
            <file>file:/root/NetBeansProjects/trials/javaee8-security-Apps/javaee8jwtwithoutloginfilter/Javaee8SecurityApp/Javaee8SecurityApp-war/web/logout.jsp</file>
            <file>file:/root/NetBeansProjects/trials/javaee8-security-Apps/javaee8jwtwithoutloginfilter/Javaee8SecurityApp/Javaee8SecurityApp-war/src/java/servlets/SecureServlet.java</file>
            <file>file:/root/NetBeansProjects/trials/javaee8-security-Apps/javaee8jwtwithoutloginfilter/Javaee8SecurityApp/Javaee8SecurityApp-war/src/java/rest/GenericResource.java</file>
            <file>file:/root/NetBeansProjects/trials/javaee8-security-Apps/javaee8jwtwithoutloginfilter/Javaee8SecurityApp/Javaee8SecurityApp-war/src/java/filter/LoginFilter.java</file>
            <file>file:/root/NetBeansProjects/trials/javaee8-security-Apps/javaee8jwtwithoutloginfilter/Javaee8SecurityApp/Javaee8SecurityApp-war/src/java/rest/ApplicationConfig.java</file>
            <file>file:/root/NetBeansProjects/trials/javaee8-security-Apps/javaee8jwtwithoutloginfilter/Javaee8SecurityApp/Javaee8SecurityApp-war/src/java/client/MyRestClient.java</file>
            <file>file:/root/NetBeansProjects/trials/javaee8-security-Apps/javaee8jwtwithoutloginfilter/Javaee8SecurityApp/Javaee8SecurityApp-war/web/adminpage.jsp</file>
        </group>
    </open-files>
</project-private>
