<?xml version="1.0" encoding="UTF-8"?>
<project-private xmlns="http://www.netbeans.org/ns/project-private/1">
    <editor-bookmarks xmlns="http://www.netbeans.org/ns/editor-bookmarks/2" lastBookmarkId="0"/>
    <open-files xmlns="http://www.netbeans.org/ns/projectui-open-files/2">
        <group>
            <file>file:/root/NetBeansProjects/trials/javaee8-security-Apps/javaee8-security-rest-form-filter/RestPublishApp/RestPublishApp-war/src/java/servlets/PubRestServlet.java</file>
            <file>file:/root/NetBeansProjects/trials/javaee8-security-Apps/javaee8-security-rest-form-filter/RestPublishApp/RestPublishApp-war/src/java/rest/ApplicationConfig.java</file>
            <file>file:/root/NetBeansProjects/trials/javaee8-security-Apps/javaee8-security-rest-form-filter/RestPublishApp/RestPublishApp-war/src/java/client/PubRestClient.java</file>
            <file>file:/root/NetBeansProjects/trials/javaee8-security-Apps/javaee8-security-rest-form-filter/RestPublishApp/RestPublishApp-war/src/java/client/WebApplicationFilter.java</file>
            <file>file:/root/NetBeansProjects/trials/javaee8-security-Apps/javaee8-security-rest-form-filter/RestPublishApp/RestPublishApp-war/web/WEB-INF/web.xml</file>
            <file>file:/root/NetBeansProjects/trials/javaee8-security-Apps/javaee8-security-rest-form-filter/RestPublishApp/RestPublishApp-war/src/java/client/RestWebFilter.java</file>
        </group>
    </open-files>
</project-private>
