<?xml version="1.0" encoding="UTF-8"?>
<project-private xmlns="http://www.netbeans.org/ns/project-private/1">
    <editor-bookmarks xmlns="http://www.netbeans.org/ns/editor-bookmarks/2" lastBookmarkId="0"/>
    <open-files xmlns="http://www.netbeans.org/ns/projectui-open-files/2">
        <group>
            <file>file:/root/NetBeansProjects/it2020/jsf-jwt-3/EnterpriseSecureJSF/EnterpriseSecureJSF-war/web/admins/AdminPage.xhtml</file>
            <file>file:/root/NetBeansProjects/it2020/jsf-jwt-3/EnterpriseSecureJSF/EnterpriseSecureJSF-war/web/WEB-INF/beans.xml</file>
            <file>file:/root/NetBeansProjects/it2020/jsf-jwt-3/EnterpriseSecureJSF/EnterpriseSecureJSF-war/src/java/entity/BookMaster.java</file>
            <file>file:/root/NetBeansProjects/it2020/jsf-jwt-3/EnterpriseSecureJSF/EnterpriseSecureJSF-war/src/java/ejb/DataSessionBean.java</file>
            <file>file:/root/NetBeansProjects/it2020/jsf-jwt-3/EnterpriseSecureJSF/EnterpriseSecureJSF-war/web/WEB-INF/faces-config.xml</file>
            <file>file:/root/NetBeansProjects/it2020/jsf-jwt-3/EnterpriseSecureJSF/EnterpriseSecureJSF-war/src/java/jwtrest/TokenProvider.java</file>
            <file>file:/root/NetBeansProjects/it2020/jsf-jwt-3/EnterpriseSecureJSF/EnterpriseSecureJSF-war/src/java/jwtrest/Constants.java</file>
            <file>file:/root/NetBeansProjects/it2020/jsf-jwt-3/EnterpriseSecureJSF/EnterpriseSecureJSF-war/src/conf/persistence.xml</file>
            <file>file:/root/NetBeansProjects/it2020/jsf-jwt-3/EnterpriseSecureJSF/EnterpriseSecureJSF-war/src/java/beans/LoginBean.java</file>
            <file>file:/root/NetBeansProjects/it2020/jsf-jwt-3/EnterpriseSecureJSF/EnterpriseSecureJSF-war/web/WEB-INF/web.xml</file>
            <file>file:/root/NetBeansProjects/it2020/jsf-jwt-3/EnterpriseSecureJSF/EnterpriseSecureJSF-war/src/java/jwtrest/JWTCredential.java</file>
            <file>file:/root/NetBeansProjects/it2020/jsf-jwt-3/EnterpriseSecureJSF/EnterpriseSecureJSF-war/src/java/jwtrest/JWTAuthenticationMechanism.java</file>
        </group>
    </open-files>
</project-private>
