<?xml version="1.0" encoding="UTF-8"?>
<project-private xmlns="http://www.netbeans.org/ns/project-private/1">
    <editor-bookmarks xmlns="http://www.netbeans.org/ns/editor-bookmarks/2" lastBookmarkId="0"/>
    <open-files xmlns="http://www.netbeans.org/ns/projectui-open-files/2">
        <group>
            <file>file:/home/shubham/NetBeansProjects/JWDAssignment/Question7/web/index.html</file>
            <file>file:/home/shubham/NetBeansProjects/JWDAssignment/Question7/src/java/SupplierServlet/DisplaySupplier.java</file>
            <file>file:/home/shubham/NetBeansProjects/JWDAssignment/Question7/src/java/ItemServlet/itemAdd.java</file>
            <file>file:/home/shubham/NetBeansProjects/JWDAssignment/Question7/src/java/StoreServlet/StoreForm.java</file>
            <file>file:/home/shubham/NetBeansProjects/JWDAssignment/Question7/src/java/PurchaseServlet/PurchaseAdd.java</file>
            <file>file:/home/shubham/NetBeansProjects/JWDAssignment/Question7/src/java/ItemServlet/ItemForm.java</file>
            <file>file:/home/shubham/NetBeansProjects/JWDAssignment/Question7/src/java/CustomerServlet/DisplayCustomer.java</file>
            <file>file:/home/shubham/NetBeansProjects/JWDAssignment/Question7/src/java/Sales/DisplaySales.java</file>
            <file>file:/home/shubham/NetBeansProjects/JWDAssignment/Question7/src/java/StoreServlet/DisplayStore.java</file>
            <file>file:/home/shubham/NetBeansProjects/JWDAssignment/Question7/src/java/SupplierServlet/SupplierAdd.java</file>
            <file>file:/home/shubham/NetBeansProjects/JWDAssignment/Question7/src/java/SupplierServlet/SupplierForm.java</file>
            <file>file:/home/shubham/NetBeansProjects/JWDAssignment/Question7/src/java/CustomerServlet/CustomerAdd.java</file>
            <file>file:/home/shubham/NetBeansProjects/JWDAssignment/Question7/src/java/CustomerServlet/CustomerForm.java</file>
            <file>file:/home/shubham/NetBeansProjects/JWDAssignment/Question7/src/java/Sales/SalesAdd.java</file>
            <file>file:/home/shubham/NetBeansProjects/JWDAssignment/Question7/src/java/Company/DisplayCompany.java</file>
            <file>file:/home/shubham/NetBeansProjects/JWDAssignment/Question7/src/java/PurchaseServlet/DisplayPurchase.java</file>
            <file>file:/home/shubham/NetBeansProjects/JWDAssignment/Question7/src/java/ItemServlet/DisplayItem.java</file>
            <file>file:/home/shubham/NetBeansProjects/JWDAssignment/Question7/src/java/Sales/SalesForm.java</file>
            <file>file:/home/shubham/NetBeansProjects/JWDAssignment/Question7/src/java/Company/CompanyForm.java</file>
            <file>file:/home/shubham/NetBeansProjects/JWDAssignment/Question7/src/java/PurchaseServlet/PurchaseForm.java</file>
            <file>file:/home/shubham/NetBeansProjects/JWDAssignment/Question7/src/java/EmployeeServlet/EmployeeForm.java</file>
            <file>file:/home/shubham/NetBeansProjects/JWDAssignment/Question7/src/java/EmployeeServlet/EmployeeAdd.java</file>
            <file>file:/home/shubham/NetBeansProjects/JWDAssignment/Question7/src/java/StoreServlet/SotreAdd.java</file>
            <file>file:/home/shubham/NetBeansProjects/JWDAssignment/Question7/src/java/Company/CompanyAdd.java</file>
            <file>file:/home/shubham/NetBeansProjects/JWDAssignment/Question7/src/java/EmployeeServlet/DisplayEmployee.java</file>
        </group>
    </open-files>
</project-private>
